"","logFC","AveExpr","t","P.Value","adj.P.Val","B"
"cg10587888",-0.117669732100445,1.51373179829326,-2.51056974592165,0.0122834538065024,0.999140793994583,-2.87601393413943
"cg25495606",0.26251880384857,-2.64961729649916,2.40814970277975,0.0162974001107682,0.999140793994583,-3.08276210436301
"cg06088084",0.25512379718379,-3.79247921684363,2.30228529531675,0.0216187546514969,0.999140793994583,-3.28758860144569
"cg18082402",0.199487074328167,-3.06233762523754,2.25294060068966,0.0245792201397184,0.999140793994583,-3.37997180883439
"cg07597816",0.280320581608284,2.63380111910636,2.07621714088753,0.0382470956622978,0.999140793994583,-3.69467891117934
"cg15406319",-0.317585426069737,-2.47856640499771,-2.05512877588918,0.0402460866808117,0.999140793994583,-3.73054291961549
"cg24706532",0.122444274554387,1.42010483820569,2.03957334282368,0.0417769091997993,0.999140793994583,-3.75676605571934
"cg11649795",-0.0755888724230862,-2.13703734788076,-2.0374905225507,0.0419855837338799,0.999140793994583,-3.76026233610696
"cg23429664",0.113764585432821,2.64434461113555,1.9469007386327,0.051955929496242,0.999140793994583,-3.90891921068929
"cg26034147",0.114170954896679,3.72537978283034,1.69496534124418,0.0905375065832362,0.999140793994583,-4.28721439773357
"cg15193179",0.103088792882394,-4.4835099614789,1.68262233129202,0.0929049653767158,0.999140793994583,-4.30441727210055
"cg16588159",-0.0991632885931091,2.04563065502924,-1.67992881387184,0.0934281601695519,0.999140793994583,-4.30815476882742
"cg13924287",0.0507363066837235,-2.07948918407693,1.66289103405722,0.0967927280543515,0.999140793994583,-4.33165881313999
"cg01842774",0.10428191410952,4.80774120187376,1.63524895093291,0.102457311598474,0.999140793994583,-4.36928683899064
"cg06761824",-0.0625196680142489,0.509539998767888,-1.61047259200417,0.107756446794145,0.999140793994583,-4.40248270401693
"cg01206017",-0.109275721764643,3.3508412733033,-1.59699155812679,0.110729816330924,0.999140793994583,-4.42033385186857
"cg15378274",-0.06502731085055,1.63577129916333,-1.5772459108385,0.1152016721956,0.999140793994583,-4.44621188312866
"cg26280778",-0.0680751464666493,2.21398338143941,-1.5680540934925,0.117331356378271,0.999140793994583,-4.45814950718455
"cg26286239",-0.065740373665874,1.24040573396586,-1.56325819548698,0.118454765863281,0.999140793994583,-4.4643505832945
"cg16167565",-0.264049465506269,1.66953249976319,-1.55488796553274,0.12043567312663,0.999140793994583,-4.47512812868308
"cg18067665",-0.0497528062648892,1.078999608098,-1.42636633816985,0.154219245805849,0.999140793994583,-4.63340344154746
"cg02320474",-0.0618139357877302,-1.3741792006913,-1.41380608824182,0.157874171315792,0.999140793994583,-4.64814476367226
"cg12562822",0.191242804634784,-2.01530441105316,1.41375816992449,0.157888239968932,0.999140793994583,-4.64820075500294
"cg06293205",-0.0457420232052039,0.528703133925495,-1.40262732263117,0.161182072603998,0.999140793994583,-4.66115579513987
"cg06304546",0.0954108327463889,3.52484989908036,1.3921988162783,0.164315020041684,0.999140793994583,-4.67320110047928
"cg22160300",-0.0536015822967175,0.25172129131437,-1.39077524301163,0.164746234043616,0.999140793994583,-4.67483845297216
"cg14548901",-0.202398712671196,0.527443747437153,-1.35524444353355,0.175787411951592,0.999140793994583,-4.71516578963911
"cg25539255",-0.0611145319986633,-0.770563018131818,-1.32355202671683,0.186094422179831,0.999140793994583,-4.7502614783883
"cg09704382",0.0679447190244284,3.22343856251385,1.30046611676329,0.193879601378127,0.999140793994583,-4.77530679733829
"cg04318504",-0.0604606466829771,2.02109343561971,-1.27870527470426,0.201434886463575,0.999140793994583,-4.79851342283079
"cg00274640",0.165173304487182,1.62822231068748,1.26120408791264,0.207665647127995,0.999140793994583,-4.81689484807396
"cg09931909",0.0589009317834463,0.542928657237744,1.26032131068694,0.207983603988668,0.999140793994583,-4.81781535121441
"cg01861537",-0.0667481294068938,-0.653170656028317,-1.23321741646637,0.217918635140529,0.999140793994583,-4.84576552800462
"cg21879272",0.0927661868311815,-3.78831218665925,1.22458576879997,0.221153249510979,0.999140793994583,-4.85453978908922
"cg11432795",0.0436426358694035,-2.29130249729713,1.2220999285892,0.222091155318994,0.999140793994583,-4.85705532940308
"cg11725581",-0.063680491617812,0.255064256727248,-1.21253252204037,0.225727564247044,0.999140793994583,-4.86668959115346
"cg06017249",-0.0554984363383212,1.76327423697262,-1.20713102133484,0.227799299776788,0.999140793994583,-4.87209556248146
"cg15393936",-0.106861387851999,2.07888894904621,-1.19844478778069,0.231159301747383,0.999140793994583,-4.8807386217828
"cg20670404",-0.0657987796775866,1.27621771173796,-1.19612188248282,0.232063796245559,0.999140793994583,-4.88303945539513
"cg05431942",-0.0606865334622644,2.26215282278734,-1.18616253022299,0.235970309357762,0.999140793994583,-4.89285382396108
"cg23822445",-0.0493193804725091,1.53055985249498,-1.16396543681158,0.244844185833444,0.999140793994583,-4.91443392569461
"cg09074544",0.0742921022138738,-1.41767253337118,1.16206444882826,0.245614924866196,0.999140793994583,-4.91626321148842
"cg07582993",-0.0521754552220657,1.28500724241135,-1.15704988562183,0.24765621263837,0.999140793994583,-4.92107435305189
"cg10995473",-0.0534620444343972,2.01402299228899,-1.15684867380594,0.247738367944803,0.999140793994583,-4.92126697029274
"cg03108263",-0.0542976483419162,2.14672821905617,-1.15281945075026,0.249387535799006,0.999140793994583,-4.9251170691834
"cg02011639",-0.0414800900566465,-3.33791805395686,-1.1519198524622,0.249756790605616,0.999140793994583,-4.92597484866098
"cg16040564",-0.0611572251454708,2.19691430513729,-1.14964521569501,0.250692159651502,0.999140793994583,-4.92814077285282
"cg03523119",0.0588616721654553,-1.36344652600895,1.14195162875194,0.253874044906223,0.999140793994583,-4.93543507116863
"cg18286997",-0.0580408534801946,0.656928113150386,-1.09609837946492,0.273421799364604,0.999140793994583,-4.97789712958021
"cg11976790",-0.0416974492808076,-1.97937196372631,-1.09494138270513,0.273928030274615,0.999140793994583,-4.97894614683863
"cg11719457",-0.0548186409924556,2.14865459338069,-1.08040196606819,0.280344317471985,0.999140793994583,-4.99203458207423
"cg11264997",0.0290717583675436,-0.374695947651451,1.06898378272354,0.285454379797637,0.999140793994583,-5.00219110825681
"cg04248332",-0.0525973915005155,2.48865735243188,-1.06627819102924,0.286674424008889,0.999140793994583,-5.004581992282
"cg08668878",-0.052030658542399,2.28319010099466,-1.05596811703959,0.291355902201384,0.999140793994583,-5.01363750279331
"cg24523147",-0.0436260963852687,0.426945806334225,-1.05273145030744,0.292836134639794,0.999140793994583,-5.01646224445888
"cg08583895",-0.0581355848494191,1.90279353001263,-1.05120202923786,0.293537345719719,0.999140793994583,-5.0177940133023
"cg13018120",0.0451380246801553,-2.48905178826667,1.04952905480615,0.294305665236347,0.999140793994583,-5.01924857465873
"cg20527831",0.116051258217728,2.51166492773816,1.03930360595748,0.299031090347652,0.999140793994583,-5.02808888596098
"cg26627705",0.0456849090661656,1.56928105059757,1.03716783697138,0.300024452013732,0.999140793994583,-5.02992445767934
"cg01398859",0.0544652575948549,-1.84647800433726,1.03497616838526,0.301046102862276,0.999140793994583,-5.03180416084692
"cg13762257",0.0449260935297856,-2.35365281699233,1.02915173081199,0.303772451815594,0.999140793994583,-5.03678028507928
"cg18786224",0.0511505211194128,-1.1999922232139,1.0208843464444,0.307670459313241,0.999140793994583,-5.04379550065091
"cg12089187",-0.0488545330980728,2.00893314977599,-1.00706314011556,0.314260836009091,0.999140793994583,-5.05539744471132
"cg22933439",-0.0401800557190608,1.83800449995624,-1.00315137865434,0.316142854307746,0.999140793994583,-5.05865248394359
"cg19600670",0.0475392812537819,3.14402234721265,0.994080921064597,0.320535285404456,0.999140793994583,-5.06615157966084
"cg22520791",-0.0347362153105806,-0.344179849768281,-0.978320796059887,0.328261849039622,0.999140793994583,-5.0790199764866
"cg17103109",-0.0552937651788727,2.95136426795006,-0.960747694666862,0.337018809808491,0.999140793994583,-5.09312699417809
"cg13969413",-0.0462108409656846,2.30361422787545,-0.958972786506526,0.337911569653858,0.999140793994583,-5.09453765131595
"cg15012662",0.0275279200703077,-1.47209171609274,0.931094154217122,0.352133631973925,0.999140793994583,-5.11635375051419
"cg12520996",-0.0455208577316117,2.09608624813897,-0.930182988341959,0.352604776396522,0.999140793994583,-5.11705594460096
"cg06091086",-0.039117266146339,0.564887559885725,-0.929907167923192,0.352747476033019,0.999140793994583,-5.11726837169458
"cg10520349",0.0410765077514964,-2.66226836417441,0.928720107627515,0.353362036486367,0.999140793994583,-5.11818188651151
"cg20076718",-0.0402213724547127,2.18708113713496,-0.913393356270922,0.361357794817232,0.999140793994583,-5.12987225823508
"cg06379340",-0.0439386638675115,2.09437823131801,-0.91257456864636,0.361788120465814,0.999140793994583,-5.13049132473516
"cg01248567",-0.0426322757576295,2.24550191765863,-0.909484065773224,0.36341527751472,0.999140793994583,-5.13282299449264
"cg03455716",-0.0503593025576198,2.52295218217236,-0.907571381289872,0.364424605536145,0.999140793994583,-5.13426209272978
"cg12754495",-0.0419698071239019,-0.76754874422765,-0.89453158595262,0.371352443828957,0.999140793994583,-5.14399268637322
"cg07464489",-0.0566575573845576,2.62489636095779,-0.893199637648085,0.372064667612103,0.999140793994583,-5.14497871195027
"cg04155024",-0.0401948608566454,1.47510719248373,-0.887639464786676,0.375046978207307,0.999140793994583,-5.14907901665124
"cg24952123",-0.0365107123213377,0.636691149253235,-0.880663174249291,0.378809727064017,0.999140793994583,-5.15418750703506
"cg24244747",-0.0359063784231646,-0.773991551262515,-0.868317025539197,0.385525599125942,0.999140793994583,-5.16312962599666
"cg04908106",0.0500348893852278,2.95314273795748,0.862533749467829,0.388696417409564,0.999140793994583,-5.1672750537751
"cg01698567",-0.0396035217052026,2.33772734111078,-0.861226984284034,0.38941508040971,0.999140793994583,-5.16820791040412
"cg12786620",-0.0450083608514435,2.28044079719684,-0.861203775464758,0.389427851550558,0.999140793994583,-5.16822446566529
"cg16804603",-0.0353657103234444,-0.703742199905459,-0.858363950421705,0.390992451710495,0.999140793994583,-5.17024680448132
"cg21403602",0.0332192141660306,-2.11288579141307,0.85683817452362,0.39183465492903,0.999140793994583,-5.17133061133714
"cg17555940",-0.0369432660471618,1.79314934186019,-0.853383668359367,0.393745557492191,0.999140793994583,-5.17377734912657
"cg00687383",-0.0539396534577666,-3.66725520231745,-0.835718217306801,0.403605509002194,0.999140793994583,-5.18613519811037
"cg22443054",-0.0399273733456213,2.14688468775399,-0.830907874641973,0.406315848971905,0.999140793994583,-5.18945559944316
"cg15779891",0.0348195596555922,-2.49647418723657,0.830168874359618,0.406733194174516,0.999140793994583,-5.18996400949783
"cg15721584",-0.0339083096520366,-0.40350715174737,-0.828893137688706,0.407454260402726,0.999140793994583,-5.19084061608581
"cg00365680",-0.0316955318660197,-2.28323811995787,-0.818379995558872,0.413425479299128,0.999140793994583,-5.19801337860676
"cg19682024",-0.0466771807869043,2.58053282155467,-0.816102352138151,0.414725938232265,0.999140793994583,-5.19955529951264
"cg07074309",-0.0374220133600184,2.30285335047811,-0.81305793937453,0.416467976944099,0.999140793994583,-5.20160961295995
"cg08843971",-0.0397917918799986,2.16878466117044,-0.812254368028038,0.416928508019446,0.999140793994583,-5.20215057022303
"cg19613968",-0.0326134696562294,-2.19974359351134,-0.808144803030712,0.419288423096468,0.999140793994583,-5.20490874967681
"cg08416764",-0.0413101715935105,2.03377589259563,-0.797751815073251,0.425291607868456,0.999140793994583,-5.21182182592543
"cg18840273",-0.0338557607737976,-3.26132409641322,-0.792588818458131,0.428292457548044,0.999140793994583,-5.21522288831724
"cg24544986",-0.0378066340369163,1.85830625543923,-0.792262504571069,0.42848253247961,0.999140793994583,-5.21543710334456
"cg05884167",-0.0481169993333983,1.56386739095133,-0.791997270955166,0.428637064925389,0.999140793994583,-5.21561115620336
"cg18021902",0.0395473792127633,-1.2583924999741,0.784358752897972,0.433101399068233,0.999140793994583,-5.22059878651388
"cg21598389",-0.031944881808484,1.12954297034892,-0.780851095391672,0.435160449920871,0.999140793994583,-5.22287297842681
"cg14958956",-0.0382769621053635,2.41225646450005,-0.777074296642493,0.437383808281189,0.999140793994583,-5.22531029582484
"cg08520191",-0.035501898651557,2.45983215448387,-0.774790422541136,0.438731472213945,0.999140793994583,-5.22677844814738
"cg09140693",-0.0345735168592297,1.98163736193734,-0.774643122787563,0.438818472574702,0.999140793994583,-5.22687298942668
"cg26427472",0.0512709534050122,2.37224423617585,0.770025244787081,0.441550985376146,0.999140793994583,-5.22982778165013
"cg26529963",0.0477650033971081,3.43942839238824,0.767604772867336,0.442987130486953,0.999140793994583,-5.23136950047475
"cg14868212",0.0319515735519374,-0.99223596118499,0.766612638234402,0.443576568786831,0.999140793994583,-5.23200004062498
"cg04152151",-0.0380855017812191,2.25284639152685,-0.764582292424497,0.444784218577624,0.999140793994583,-5.23328786739347
"cg13623290",-0.0342643652345245,-0.00990179774394531,-0.763738496439284,0.445286660810149,0.999140793994583,-5.23382207561007
"cg20819150",-0.0457935390672816,2.18406526835163,-0.759516885304837,0.447805302738745,0.999140793994583,-5.23648594181641
"cg15584792",-0.0356640867833218,2.57272260857877,-0.758786658280942,0.44824178275889,0.999140793994583,-5.23694522524122
"cg09106932",0.0299934085677216,-1.72935448698123,0.757732604332657,0.448872251337088,0.999140793994583,-5.23760740521664
"cg27631877",0.0340541655651978,1.76802056296102,0.755210717673681,0.450382730005348,0.999140793994583,-5.23918798167891
"ch.22.138449R",0.0320820217529735,-2.68735320541993,0.749958121722137,0.453538006789605,0.999140793994583,-5.24246312916451
"cg21024122",0.0358462111090694,-2.88997551373718,0.747418886214395,0.455067816745295,0.999140793994583,-5.24403823647574
"cg21836903",0.0288119181175262,-2.36841116316586,0.740856425581758,0.459034952737932,0.999140793994583,-5.24808428458
"cg02209770",0.0239716927367395,-0.143923233450588,0.733362903833942,0.463588588299416,0.999140793994583,-5.25266082045101
"cg11214507",0.0299279046384576,-2.44406124184403,0.731082261428753,0.464979470151714,0.999140793994583,-5.254044464757
"cg07146383",-0.0308952471273423,1.92084621916174,-0.72878532499346,0.46638263667261,0.999140793994583,-5.25543364655325
"cg06805642",-0.0350128156172352,2.36129196393572,-0.714024395898729,0.475455865838695,0.999140793994583,-5.26425689618498
"cg05907398",0.0357758552361018,2.00825992890478,0.712100314198818,0.476645665946095,0.999140793994583,-5.26539372683009
"cg12280692",-0.05005318910701,5.7013750733975,-0.706730990745237,0.479974537743602,0.999140793994583,-5.26854995900838
"cg12784458",-0.0400806990061887,2.79267881626358,-0.705358837024381,0.48082727906712,0.999140793994583,-5.26935272185046
"cg07974890",-0.0251852184956867,-2.02949765810254,-0.704997394617897,0.481052039304421,0.999140793994583,-5.26956392043689
"cg05482864",-0.0340202918808459,1.63215705091122,-0.703731501238125,0.481839677414496,0.999140793994583,-5.27030275717986
"cg23861480",-0.0334653707018697,2.48444221044397,-0.697640922193739,0.485639041577277,0.999140793994583,-5.27383898245562
"cg04709306",-0.0287563447931417,1.86657205965976,-0.675108929394937,0.499834885503717,0.999140793994583,-5.28665442086554
"cg18107960",0.0240065120221494,-2.1805505094845,0.674704098870708,0.500091944266975,0.999140793994583,-5.28688083369809
"cg03149320",-0.0329663523938891,1.74806660622155,-0.670157614345025,0.502983686383895,0.999140793994583,-5.2894142700468
"cg07943688",-0.0327804924359092,2.20147149642772,-0.669275824110622,0.503545563026142,0.999140793994583,-5.2899036495622
"cg10821976",0.0233243304666008,-2.31738064404087,0.668649568306619,0.50394481477351,0.999140793994583,-5.29025082083077
"cg11995437",0.0245670949223936,-1.95834652638421,0.666623009662767,0.505237936732126,0.999140793994583,-5.291372040069
"cg20601736",-0.0576995574399038,3.23131992200008,-0.66215097904798,0.508097669987225,0.999140793994583,-5.29383422426469
"cg14306650",-0.0302290879321044,0.0364124762650695,-0.659619870525789,0.509720003598356,0.999140793994583,-5.29522045347284
"cg24654185",-0.0262479067466625,1.50097682579753,-0.658615195351444,0.510364710446638,0.999140793994583,-5.2957692209669
"cg22504523",0.0271562208078993,1.66342542905735,0.651190708024565,0.515142269846602,0.999140793994583,-5.29979868582709
"cg09328349",0.0245063912786543,-2.27767221404867,0.649377666944624,0.516312464050639,0.999140793994583,-5.30077574145157
"cg15689991",0.0268633268017322,-2.42639653994029,0.642299820095906,0.520893916626553,0.999140793994583,-5.30456398581988
"cg27102691",-0.0294705521473933,2.24264036867036,-0.638983941829297,0.523047462070616,0.999140793994583,-5.30632446794017
"cg26081875",-0.016254966644896,-1.14896693799823,-0.638296232166126,0.523494678000869,0.999140793994583,-5.30668845079258
"cg22304543",-0.0455465929338007,3.04656684021234,-0.634411309287927,0.526024721133431,0.999140793994583,-5.30873726611003
"cg17008288",-0.0295856327477442,1.98879458781452,-0.63110140437112,0.52818521650262,0.999140793994583,-5.31047297633713
"cg15831212",-0.0311216651750475,2.01344695579205,-0.630891951154824,0.528322086509711,0.999140793994583,-5.31058250832031
"cg23146699",0.0299789438066507,1.98674395243773,0.628314484050683,0.530007847855856,0.999140793994583,-5.31192740283058
"cg13461118",-0.0325752108154133,-0.253942196594625,-0.628106757703053,0.530143827942843,0.999140793994583,-5.31203555277873
"cg08417730",0.0223434264879308,-2.21009547107908,0.626215773542954,0.531382504419385,0.999140793994583,-5.31301842611706
"cg04258520",0.0215316021080282,0.195164075684498,0.624709803570557,0.532370030851482,0.999140793994583,-5.31379906433386
"cg14345213",-0.0299866605352692,2.23566399774803,-0.623582224572637,0.533110039898819,0.999140793994583,-5.31438233001525
"cg03321912",0.0188913217025193,0.174625450589436,0.619671096186463,0.535680874305495,0.999140793994583,-5.31639729397324
"cg13538637",0.0277981858539694,-1.76973716793894,0.609479319029501,0.542409332204365,0.999140793994583,-5.32158848493619
"cg07796563",-0.0296903226050547,1.67672825598471,-0.609254875035529,0.542557980601689,0.999140793994583,-5.32170183814079
"cg18518111",-0.0288593025915252,2.21029916202107,-0.607316806283981,0.543842402016883,0.999140793994583,-5.32267890589133
"cg15336091",-0.0283793895713922,2.32275148172318,-0.606642320566798,0.544289761025487,0.999140793994583,-5.32301821522093
"cg23365293",-0.0762828040179463,0.503710642417466,-0.603665270475296,0.546266505270535,0.999140793994583,-5.32451136207628
"cg02423044",0.0240726296357722,-1.93071615992626,0.60319768416958,0.546577303581444,0.999140793994583,-5.32474521452163
"cg16058430",-0.0293930700747345,2.26201527579737,-0.601539327104912,0.547680298384025,0.999140793994583,-5.32557314415478
"cg12968518",0.039196081971141,-2.46806372645151,0.601482575499178,0.547718064123822,0.999140793994583,-5.32560143693251
"cg08936645",-0.0325737542746175,1.68066945092303,-0.593718906756048,0.552896579238255,0.999140793994583,-5.32944678358372
"cg22822395",-0.0183373773036281,-1.37456260539303,-0.593714705864777,0.552899387813613,0.999140793994583,-5.32944885077949
"cg19721055",-0.0360413686762527,5.02595234196591,-0.591598957503352,0.5543147967319,0.999140793994583,-5.33048812240721
"cg07418518",-0.0269886200398575,1.95933261442352,-0.581960311930497,0.560785321880688,0.999140793994583,-5.33517580232215
"cg03305181",-0.0275286017930824,-3.00787259731484,-0.58027302062829,0.561921776758925,0.999140793994583,-5.33598849293728
"cg02448481",0.0326929095664023,4.7399250536059,0.575017864583079,0.565468454521935,0.999140793994583,-5.33850455762643
"cg04685531",-0.0271123075713697,2.36336876331074,-0.574245550566237,0.565990592367541,0.999140793994583,-5.33887239929861
"cg11772086",-0.0248629311143396,1.8945297949514,-0.574012603361623,0.566148126356457,0.999140793994583,-5.33898325164767
"cg11553116",-0.0212138128935041,1.77273609869068,-0.564082030546676,0.57288335879105,0.999140793994583,-5.34366712173626
"cg14229433",-0.0283782552165638,2.59161811765093,-0.563234063639148,0.573460238509704,0.999140793994583,-5.34406329151096
"cg13169479",-0.0295851447354809,2.20576403612461,-0.562644412972537,0.573861545928451,0.999140793994583,-5.34433842511743
"cg05964000",-0.0276372865353375,2.14444017667141,-0.559261278533483,0.576166630041087,0.999140793994583,-5.34591144639535
"cg07647179",0.0446188918260652,4.63990273469923,0.559118143979403,0.576264250633811,0.999140793994583,-5.34597778924462
"cg27159962",-0.0232187210009773,1.31055303955381,-0.556985978752089,0.577719354615857,0.999140793994583,-5.34696403915352
"cg22411185",0.0318401620046472,2.17973501994833,0.55255679277504,0.580747595820852,0.999140793994583,-5.34900076271189
"cg15385476",0.0251460514652901,1.85306949232193,0.544155020054743,0.586512275293673,0.999140793994583,-5.35281961474329
"cg20811317",-0.0268759362618697,2.30448240849572,-0.538395693494833,0.590479195484109,0.999140793994583,-5.35540363007164
"cg09254210",-0.0273729019911087,1.11420261930904,-0.535945747484636,0.59217041837012,0.999140793994583,-5.3564945108089
"cg04873061",0.0361015468336469,1.22962982021305,0.531052168722002,0.595555157739243,0.999140793994583,-5.35865858182269
"cg02532022",0.0157847638223962,-0.236139546945817,0.528937078069341,0.597020833849537,0.999140793994583,-5.35958779332547
"cg19720302",0.0229252465844109,1.59476018819636,0.528635660939378,0.597229838088381,0.999140793994583,-5.35971991171247
"cg03624528",-0.0282179153072268,1.81690690088559,-0.526480311474049,0.598725339636929,0.999140793994583,-5.36066246072688
"cg19460391",-0.0249205659474741,2.15986496591503,-0.526386389096318,0.598790546901029,0.999140793994583,-5.3607034461481
"cg17482117",0.023521267827572,1.93429260209728,0.524796709345702,0.599894699293048,0.999140793994583,-5.36139603517062
"cg19420482",-0.0253231815341817,2.24514307402702,-0.521773875568846,0.601996828403801,0.999140793994583,-5.36270724495742
"cg21888978",-0.0299073570860809,2.07000233079004,-0.520042524186165,0.60320233608805,0.999140793994583,-5.36345484212645
"cg13302785",0.0235350009309299,-1.47143865752942,0.519886774796679,0.603310834816444,0.999140793994583,-5.36352197297544
"cg19020398",-0.014121819517494,-0.294569230007432,-0.512685504677363,0.608336983473208,0.999140793994583,-5.36660391428037
"cg08268114",-0.0243938471171262,1.94088548744563,-0.507857880445102,0.611716870721012,0.999140793994583,-5.36864595469071
"cg10517317",0.0280242607495765,3.50842097589031,0.506420709315384,0.612724661329813,0.999140793994583,-5.36925013632613
"cg03282968",-0.0200454195312465,1.24873500133129,-0.504008096954237,0.614418113478748,0.999140793994583,-5.37026054367311
"cg25477839",-0.0219198480984296,2.11851368091854,-0.50188608128793,0.615909296276549,0.999140793994583,-5.37114526360207
"cg20662169",-0.0252043815738288,2.43236012021963,-0.497005082482743,0.619345300860107,0.999140793994583,-5.37316611515154
"cg12628672",-0.0224044906263527,2.21870007950983,-0.496921362893871,0.619404308756943,0.999140793994583,-5.37320060495494
"ch.4.1647744F",-0.023159770802739,-2.88526381556768,-0.495246164806671,0.62058555117048,0.999140793994583,-5.37388951292918
"cg22714716",0.0241108745231237,2.30488909475702,0.493359004885489,0.621917430996372,0.999140793994583,-5.37466280388201
"cg13209122",0.0263178922877654,-2.54364769620789,0.493206855967026,0.622024865594156,0.999140793994583,-5.37472502059319
"cg22688969",-0.0246318008856267,2.12966767387782,-0.492973406500035,0.622189723401753,0.999140793994583,-5.37482044543149
"cg03290610",-0.0168177590507688,-1.76258863389957,-0.4892802176277,0.624800309558818,0.999140793994583,-5.37632406799258
"cg19522262",0.0233315402169099,2.30287702489594,0.484998948220645,0.627832503287777,0.999140793994583,-5.3780529786494
"cg15208718",0.0276040681385777,2.41210654531885,0.483640126845077,0.628796204793775,0.999140793994583,-5.37859853922047
"cg17222143",-0.0235661443297533,1.61042430854437,-0.483594981561715,0.628828233565776,0.999140793994583,-5.37861663859484
"cg10362113",-0.0217275873823434,1.97446998478949,-0.481324226570786,0.630440145455783,0.999140793994583,-5.37952483794708
"cg19797700",0.0173117297010396,0.935865790456268,0.480557564473325,0.630984764906875,0.999140793994583,-5.37983050367351
"cg11128983",0.0812840482530488,1.39712263415515,0.477259836852309,0.633329683866274,0.999140793994583,-5.38113974589893
"cg23820244",0.0217762860592157,2.26733743599217,0.476782902020105,0.633669124989676,0.999140793994583,-5.3813283498195
"cg02634327",0.0216847204464593,1.98809475813793,0.476666389477351,0.633752060327819,0.999140793994583,-5.38137439607672
"cg17205832",0.0189849084064226,-2.18360920875094,0.475812505952685,0.634360007833148,0.999140793994583,-5.38171151132323
"cg03477332",-0.0203731899150403,-0.961954930350122,-0.475452626046021,0.634616309031247,0.999140793994583,-5.38185341184951
"cg21684318",-0.0216555119472869,2.04263800760716,-0.466642139183458,0.640904641498697,0.999140793994583,-5.3852939196323
"cg26352006",0.0149701401153121,-1.42613323050092,0.464888782849573,0.642159175775421,0.999140793994583,-5.38597093605856
"cg07630345",0.0294066584260466,-3.33344622897846,0.462555481645452,0.643830251022102,0.999140793994583,-5.38686793469326
"cg12112434",0.0211616642165509,-1.42683017256362,0.457583320087735,0.64739725615003,0.999140793994583,-5.38876435345011
"cg18921206",-0.0200514551356255,1.55062131162284,-0.454682711112092,0.649481900500365,0.999140793994583,-5.38986120800737
"cg00920668",-0.0206694381872379,2.47195730290075,-0.454258981298762,0.649786662613794,0.999140793994583,-5.3900208563919
"cg08346273",-0.0214432644159983,2.4361603555048,-0.452724813849336,0.650890583430353,0.999140793994583,-5.39059763936981
"cg18315312",-0.0231615882371465,2.18064705148557,-0.452638772184613,0.650952518066299,0.999140793994583,-5.39062992970238
"cg14814018",-0.0201852044180656,2.12698090596514,-0.44938032309917,0.653299793776101,0.999140793994583,-5.39184826964915
"ch.2.1786654R",-0.0214591248979694,-2.98830335334477,-0.44251277567256,0.65825819404062,0.999140793994583,-5.39438725186053
"cg18048983",-0.0215001058223478,2.26520528708974,-0.441171657741383,0.65922825652171,0.999140793994583,-5.39487851262801
"cg13684955",-0.0203422042214237,1.93346965678114,-0.43527552664345,0.663499867918051,0.999140793994583,-5.39702062946499
"cg07799299",-0.0210425045383671,1.92344854074579,-0.435110445332638,0.663619624250456,0.999140793994583,-5.39708019047343
"cg20034856",0.0245221334063888,2.36022958321432,0.434848261991948,0.663809839830303,0.999140793994583,-5.39717473929512
"cg13243661",-0.027525022347501,2.9100137547487,-0.433737077835605,0.664616251470847,0.999140793994583,-5.39757482346528
"cg17964016",-0.0205190703423749,1.76915523019293,-0.433518420533054,0.664774981909127,0.999140793994583,-5.39765343102447
"cg13411149",-0.025165021395005,3.45039508951463,-0.433027877114382,0.665131138110718,0.999140793994583,-5.39782963784545
"cg13730281",-0.0215791049003244,2.01427573094643,-0.432857514260007,0.665254846798279,0.999140793994583,-5.39789078679842
"cg07287444",-0.0216198213281303,2.2055018744066,-0.429820098807164,0.667461991080976,0.999140793994583,-5.39897698095286
"cg17715855",0.0239769621544635,2.453778265783,0.427265218369506,0.669320736316819,0.999140793994583,-5.39988469940067
"cg01021224",-0.0199747196372129,2.04029255967896,-0.425263222774354,0.670778663619161,0.999140793994583,-5.40059220514457
"cg07279393",-0.0196443592037032,-2.6855626636061,-0.42378672547158,0.671854700460749,0.999140793994583,-5.40111187194938
"cg13225881",-0.0207956076278035,2.18845834482179,-0.42346291526974,0.672090776018549,0.999140793994583,-5.4012255984216
"cg06922731",-0.0189727345502063,1.81455412533279,-0.423037434809975,0.672401024092893,0.999140793994583,-5.40137490077201
"cg08340716",0.024704401140897,2.51566230010408,0.422452343004039,0.672827747458445,0.999140793994583,-5.40157996626128
"cg19692996",0.0171858792512287,-2.74783482593789,0.42084438194522,0.674001020790234,0.999140793994583,-5.4021420704619
"cg07480327",0.0186009488502824,-2.92726595636265,0.420480800581378,0.674266423799824,0.999140793994583,-5.40226887272704
"cg02033666",-0.0183628662217216,-0.600815781042597,-0.41940507878472,0.675051904831945,0.999140793994583,-5.40264339892973
"cg05963410",-0.0200809166397495,2.49097805416672,-0.417892382659662,0.676157060277279,0.999140793994583,-5.40316844115956
"cg20691502",0.0189722569549167,1.97651841357276,0.416784290812925,0.676967061388456,0.999140793994583,-5.40355184602384
"cg16754216",-0.0232026567273599,2.4185651715516,-0.416244702020907,0.677361629643848,0.999140793994583,-5.403738177889
"cg21331362",-0.0214892733204673,2.33973324175735,-0.413919935438872,0.679062602694446,0.999140793994583,-5.40453821210969
"cg04339360",-0.0191091932190901,-0.567809766619101,-0.413116274677358,0.679651002745806,0.999140793994583,-5.40481373852056
"cg09100593",-0.0146561315191192,0.867649955724683,-0.41125484948954,0.681014595532602,0.999140793994583,-5.40544985276641
"cg00005817",-0.0205535510808238,2.08865231145421,-0.40718691894161,0.683998204353136,0.999140793994583,-5.40683001420685
"cg24221398",-0.0112270181890328,1.21091470231174,-0.406789784813231,0.684289746925504,0.999140793994583,-5.40696401862604
"cg20454179",0.0202562649162268,2.12984066442722,0.405645532918166,0.685130024267861,0.999140793994583,-5.4073493912287
"cg09610792",0.0195421762800927,1.55009366593378,0.403643807911874,0.686600922721537,0.999140793994583,-5.40802094313328
"cg03861379",-0.0203888218244324,2.01359746291317,-0.402079559574038,0.687751185397946,0.999140793994583,-5.40854341641197
"cg23942064",-0.0179457734860312,1.58471576621595,-0.40169119663849,0.688036878630553,0.999140793994583,-5.40867281900652
"cg12505442",-0.0199346995940541,2.06952601126933,-0.401038727903566,0.688516957691058,0.999140793994583,-5.40888994033026
"cg22202344",0.0227981471916937,-1.75253834974255,0.400611351915294,0.688831484266244,0.999140793994583,-5.40903196657354
"cg07439679",-0.0191402334913867,2.38759024158958,-0.397463352518656,0.69114990686613,0.999140793994583,-5.41007345126443
"cg07672937",-0.0190791944155821,2.17867606278296,-0.396214947302186,0.69207013186943,0.999140793994583,-5.41048419986215
"cg01112702",-0.0221878649697074,2.22017832741425,-0.395394053474001,0.692675477988366,0.999140793994583,-5.41075358543512
"cg01486610",-0.0182058111661124,1.22193545823761,-0.395001798423626,0.692964805438763,0.999140793994583,-5.41088211119271
"cg14158769",-0.0184448334002953,2.30049297914361,-0.392898526900505,0.694516943879827,0.999140793994583,-5.41156909156722
"cg16506290",-0.01790512463432,2.16061079559943,-0.387376517975878,0.698598086483928,0.999140793994583,-5.41335526962991
"cg16016583",-0.0221537113357722,2.42442645099918,-0.381642180205472,0.702845414509139,0.999140793994583,-5.41518338392806
"cg24074685",0.013891901971059,-1.97847015823189,0.381072498093833,0.703267879251119,0.999140793994583,-5.41536351128043
"cg04458919",-0.0183030793060968,2.08610313062811,-0.380859089456537,0.703426162435871,0.999140793994583,-5.41543091954898
"ch.5.1443044F",0.0147790769286739,-2.23113219738735,0.377806277413688,0.705691811642456,0.999140793994583,-5.41639106371795
"cg06110692",-0.0167495853685816,-2.58613252735112,-0.376766691063608,0.70646394071615,0.999140793994583,-5.41671626263411
"cg23214895",0.0179793113346532,1.70617542475638,0.37343916878182,0.708937414715413,0.999140793994583,-5.41775114246638
"cg25039830",0.0180261091819317,1.86725875425391,0.371416382975345,0.710442534872787,0.999140793994583,-5.41837575679975
"cg12883014",-0.011966960680271,-0.865398358358828,-0.365875938747831,0.7145708682338,0.999140793994583,-5.42006922236221
"ch.12.2081853R",-0.01459852342465,-1.97749867241413,-0.356033141571345,0.721925616238545,0.999140793994583,-5.42301498179679
"cg20646317",-0.0226119892773515,-4.89347430288532,-0.355788719888672,0.722108584866618,0.999140793994583,-5.42308711081131
"cg15633369",-0.0154018426088635,1.40512836096914,-0.355728356358682,0.722153774114413,0.999140793994583,-5.42310491650852
"cg27125107",-0.0169610502689607,2.30135839371284,-0.352635284473707,0.724470601752763,0.999140793994583,-5.42401325168691
"ch.20.739424F",-0.0175532712022023,-3.18134177503832,-0.349626077242212,0.726727041376852,0.999140793994583,-5.42488934896828
"cg07085590",-0.0178290679085161,2.21409014577255,-0.348029766594164,0.727924993853028,0.999140793994583,-5.42535105049415
"cg04645817",-0.0166637594808132,2.18881892026854,-0.346763970016437,0.728875385784641,0.999140793994583,-5.42571565599516
"ch.1.4359995F",-0.0171301091725614,-2.79078741741643,-0.346441932696056,0.729117246230445,0.999140793994583,-5.42580820511049
"cg09438522",-0.0130337883961092,0.362945997374505,-0.345554264545569,0.729784053546744,0.999140793994583,-5.42606286378408
"cg04258046",-0.0158514010347993,1.66174891230014,-0.343520420718718,0.731312627962108,0.999140793994583,-5.42664388069711
"cg13288164",0.0138770792016999,0.0573235669302595,0.342769381727626,0.73187735648758,0.999140793994583,-5.42685756647669
"cg00877553",0.021079255406501,2.24700325218676,0.34248612686737,0.732090382053957,0.999140793994583,-5.42693803680275
"cg16641411",0.0130229629615199,-2.28152382258243,0.342320445523944,0.732214994493904,0.999140793994583,-5.42698507465654
"cg06100373",-0.017021323856478,2.1041250131432,-0.341671754272555,0.732702956961918,0.999140793994583,-5.4271690227823
"cg03798336",-0.0159870643036156,2.12736280924906,-0.341200637535714,0.73305741115226,0.999140793994583,-5.42730239781835
"cg10896586",-0.0141454189876769,1.17596331851976,-0.340084110034568,0.733897680877173,0.999140793994583,-5.42761775661958
"cg04195226",-0.0141224988940841,1.79088008350008,-0.339382274294689,0.734426027920633,0.999140793994583,-5.42781545849154
"cg10898856",-0.015180835566763,1.85081506479692,-0.339348653936939,0.734451340735138,0.999140793994583,-5.42782491884761
"cg12884466",-0.0159362031782724,1.99487761680907,-0.338826452048272,0.734844544381033,0.999140793994583,-5.42797173976535
"cg01103911",-0.0142786102793709,-2.67026603275065,-0.337738716518562,0.735663802875806,0.999140793994583,-5.42827683892253
"cg19892944",-0.0129432624880675,-0.544797339288514,-0.336612827804757,0.736512114960588,0.999140793994583,-5.42859160682263
"cg05033239",0.0146787871287714,-2.55093383667105,0.336020176957162,0.73695878306479,0.999140793994583,-5.42875687381706
"cg18111500",0.0187736788243987,-2.20444569379358,0.333879091344767,0.738573214089369,0.999140793994583,-5.42935151264624
"cg12564698",0.0138476878451683,0.987026309519813,0.329783727551573,0.741664433453726,0.999140793994583,-5.43047832408665
"cg21868798",0.0149344152660116,1.88367947115926,0.329522475869277,0.741861771126664,0.999140793994583,-5.43054973401667
"cg01005630",0.0206691983151869,2.14730009666,0.325665077546135,0.744777448347144,0.999140793994583,-5.43159752216262
"cg09578605",0.0168318326096064,2.5042860635055,0.323653235422843,0.74629959051217,0.999140793994583,-5.4321391067926
"cg13168698",-0.0138179070117074,1.60243966482488,-0.322877546985478,0.746886735078015,0.999140793994583,-5.43234702474046
"cg21334045",0.0152871316719321,1.8376050136515,0.321640109523069,0.74782369766829,0.999140793994583,-5.43267767892095
"cg20193203",0.0144565856129947,1.77462841757434,0.319196964726767,0.749674692840679,0.999140793994583,-5.43332678197763
"cg07698793",0.0193513703287086,1.99547984432057,0.318995459073785,0.749827423870754,0.999140793994583,-5.43338009782643
"cg13118761",-0.0143740206175847,1.93756564930505,-0.312534616417645,0.754729593845142,0.999140793994583,-5.43507171551851
"cg22892276",-0.0154273496610806,2.00728064945285,-0.312275061146483,0.754926740170768,0.999140793994583,-5.43513895094999
"cg08125539",-0.0140173331282114,1.57713336679233,-0.312110637096407,0.755051637446681,0.999140793994583,-5.43518151461159
"cg20905796",-0.0186097430623261,0.867050439895664,-0.310891700131329,0.755977747606865,0.999140793994583,-5.43549635608677
"cg05573809",0.0129341794379714,1.44659279019694,0.310582826593035,0.756212475921454,0.999140793994583,-5.43557594002097
"cg21093215",-0.0147315254083625,2.08504378026134,-0.310283472524523,0.756439991436031,0.999140793994583,-5.4356529957195
"cg13982956",0.0129928547430511,-1.39790423536207,0.309753094050174,0.756843142404322,0.999140793994583,-5.43578933622312
"cg22984417",-0.0126962271173863,1.90789152534167,-0.306452553043685,0.759353434253387,0.999140793994583,-5.4366325416403
"cg12478092",0.00807892142580298,-0.794966572750957,0.30505699924966,0.760415616932117,0.999140793994583,-5.43698635439371
"cg10222549",0.0234690774654139,1.60009757626517,0.304963020357523,0.760487162361168,0.999140793994583,-5.43701012270921
"cg14665592",-0.0137942801013078,1.95823048564529,-0.301936003060435,0.762792702982598,0.999140793994583,-5.43777177375301
"cg18661413",0.0166981371926045,2.024624689314,0.301568108545136,0.763073055661304,0.999140793994583,-5.43786382485959
"ch.15.72993206F",0.014659103494314,-2.82860005051408,0.300728931236158,0.763712664178839,0.999140793994583,-5.43807337608198
"ch.1.653511R",0.0159235957126646,-3.03939591703271,0.299570267003505,0.764596046491449,0.999140793994583,-5.438361747059
"cg02868222",0.0112914309518351,-1.59245057315423,0.29704947730597,0.76651899222833,0.999140793994583,-5.43898528263972
"cg00076195",0.0170114248509877,-2.70950542385519,0.293445411054375,0.769270801380467,0.999140793994583,-5.43986762527318
"cg16027727",-0.0140611653671625,2.19671653038476,-0.293426577062506,0.769285189366486,0.999140793994583,-5.43987220790445
"cg09365147",0.0139585175786081,-1.47337576638959,0.290316471661996,0.771662203053842,0.999140793994583,-5.44062491612953
"cg14479014",-0.0137577881166923,2.00058006225753,-0.283841707988612,0.776617654904179,0.999140793994583,-5.44216621680962
"cg11113469",-0.0109191486824496,-1.17868631101197,-0.280792947381386,0.778954192399899,0.999140793994583,-5.44287993172308
"cg13712476",-0.0112650360156981,-2.65559366202653,-0.278945627092022,0.780370935092828,0.999140793994583,-5.44330864050567
"cg11868356",-0.010549848604363,-2.49694215766226,-0.275028302913865,0.783377614304087,0.999140793994583,-5.4442083762542
"cg01603234",-0.0135831163008043,2.00139858595273,-0.273020877133422,0.784919642083028,0.999140793994583,-5.44466451438977
"cg26432869",0.0117126811726368,1.62199290235161,0.272294888472214,0.785477527563743,0.999140793994583,-5.44482865490866
"cg12204173",-0.014460552964538,1.95255785312215,-0.272038396279611,0.785674655227459,0.999140793994583,-5.44488654138986
"cg04584183",0.0153182954897786,2.73325329819772,0.268966360710218,0.788036742221632,0.999140793994583,-5.44557561577182
"cg08688335",-0.0129653853771903,-3.82255303998055,-0.26412642742976,0.791762123738293,0.999140793994583,-5.44664536637977
"cg04626105",-0.0141519355909114,2.47832218945534,-0.264086456447965,0.791792910083033,0.999140793994583,-5.44665412014986
"cg19464087",-0.0111584569174244,1.89017056502126,-0.257668747761867,0.796740129838096,0.999140793994583,-5.4480424394847
"cg21169490",0.00981872752495314,-0.0138652439506526,0.255727854364853,0.798237929989569,0.999140793994583,-5.44845558103321
"cg24841257",0.00757362468064423,-1.11230465484793,0.251239987320898,0.801704089008765,0.999140793994583,-5.44939891573849
"cg15979348",0.0123794799493518,2.29201228439228,0.250678626289905,0.802137927438428,0.999140793994583,-5.44951573701123
"cg17837330",-0.0105164605512994,1.08000994796709,-0.250588591586066,0.80220751493731,0.999140793994583,-5.44953444924934
"cg00143308",0.0118067950356629,2.22886459190418,0.245690222394589,0.805995802208918,0.999140793994583,-5.45054236600421
"cg22526076",-0.00689080800192,-1.55744916852695,-0.245379616220742,0.806236172873765,0.999140793994583,-5.45060560743982
"cg10156055",0.0127691028728725,2.14553074488628,0.238987515010051,0.811186908643853,0.999140793994583,-5.45188932030246
"cg23398095",-0.0103118254738535,2.08514916544624,-0.238288069781548,0.811729098298047,0.999140793994583,-5.45202773231792
"cg11973981",-0.0289234221618905,0.943747832345252,-0.238260129591925,0.811750758604066,0.999140793994583,-5.45203325292924
"cg04514644",-0.0105947850151156,-2.40068782301331,-0.237631257288697,0.812238322689399,0.999140793994583,-5.45215733853939
"ch.18.458692R",0.0112263753526458,-2.70941202307277,0.236066702170265,0.813451636943347,0.999140793994583,-5.45246462531975
"cg19449969",-0.0107292609532848,1.80163402281996,-0.235471603015645,0.813913254985161,0.999140793994583,-5.45258097312282
"cg20414753",-0.0112478839819052,2.3058761917451,-0.235138719195898,0.814171501018739,0.999140793994583,-5.45264592716356
"cg21771682",0.0145107361222822,1.77852096972256,0.234411748580166,0.814735543729912,0.999140793994583,-5.45278745809286
"cg12167452",-0.011303547661413,2.2553801721409,-0.232187193596721,0.816462130500263,0.999140793994583,-5.45321782575585
"cg16721977",-0.00993253996833254,-2.8566580820664,-0.231626582264381,0.816897389828305,0.999140793994583,-5.4533256356792
"cg19790752",-0.0131321898746585,1.64300182317386,-0.231042030813611,0.817351296570455,0.999140793994583,-5.4534377719733
"cg09066112",-0.0111671295739585,1.96504665481594,-0.230030839861737,0.818136635609408,0.999140793994583,-5.45363108291503
"cg10792625",-0.0105139923729149,1.86485431930144,-0.228416085519254,0.819391109736723,0.999140793994583,-5.4539380202142
"cg26696870",-0.0093454127471746,1.51149448424171,-0.227435406110447,0.820153208634764,0.999140793994583,-5.45412337551931
"cg21339170",-0.0105707753568652,2.12840426920792,-0.226757561265208,0.820680070340863,0.999140793994583,-5.45425102691514
"cg07441953",0.011044354527284,1.76293430826253,0.226390775979473,0.820965191713367,0.999140793994583,-5.45431994089578
"cg13897122",0.00954796666048925,-1.86080308463186,0.225039822916869,0.822015562341239,0.999140793994583,-5.45457280465121
"cg14503291",0.00736765198009317,-1.65235212781785,0.222106758744492,0.82429712828385,0.999140793994583,-5.45511659002922
"cg17394129",-0.0111065733222644,2.49094541599254,-0.221563480876707,0.824719896144886,0.999140793994583,-5.45521652993489
"cg07121312",-0.00828204808431181,-2.1872407922629,-0.22099051719594,0.825165820119306,0.999140793994583,-5.45532166562499
"cg02955262",-0.00888447800095405,1.49642378434002,-0.220728556676994,0.825369716591117,0.999140793994583,-5.45536964327152
"cg10971134",-0.00992342221549922,1.83248929115347,-0.218091954616151,0.827422565973581,0.999140793994583,-5.45584936448702
"cg27632318",-0.0107513747019205,1.9350483164269,-0.218053553046104,0.827452474074483,0.999140793994583,-5.45585630894315
"ch.10.256977R",-0.00995632425053162,-2.75348647084004,-0.217599155885415,0.827806388950041,0.999140793994583,-5.4559383883037
"cg05998850",-0.0101165045565325,2.12274595378247,-0.216841542597264,0.828396546698669,0.999140793994583,-5.45607485799802
"cg01556519",-0.012269648667441,2.77076261804616,-0.216364571742186,0.828768142339881,0.999140793994583,-5.45616053115136
"cg05959111",-0.0106485044680827,2.02340661208957,-0.215601682499265,0.829362569394827,0.999140793994583,-5.45629716863118
"cg25959474",0.0106700037769889,1.82803542314398,0.215358745182169,0.829551881550547,0.999140793994583,-5.45634057868434
"cg02703002",-0.010139089062231,2.22344778742303,-0.214694638398536,0.830069446235781,0.999140793994583,-5.45645899706662
"cg09994553",-0.0126773946183916,-2.46487340692219,-0.213856744295308,0.830722555668268,0.999140793994583,-5.45660788212411
"cg04455058",0.0150223329995918,-2.70414689591,0.212812790393011,0.831536445510493,0.999140793994583,-5.45679256742619
"cg13071068",-0.00905266444133487,-2.42644829837659,-0.212753875769571,0.831582382076562,0.999140793994583,-5.45680296304307
"cg00631877",-0.0283759606610299,0.415772997369314,-0.211099672038077,0.832872422965418,0.999140793994583,-5.45709367616989
"cg03483900",-0.0100527121491816,1.45071008354686,-0.210439838172384,0.83338712450747,0.999140793994583,-5.45720900372264
"cg20663042",0.00673751094354447,-1.71680583391162,0.208532053023127,0.834875688799501,0.999140793994583,-5.45754042084352
"cg15324873",0.00886869150774208,1.80878179650917,0.208442603322286,0.834945497226397,0.999140793994583,-5.45755588582674
"cg19647370",-0.0103425144447151,2.03001549659344,-0.208431851990834,0.834953887879227,0.999140793994583,-5.45755774418079
"cg19484645",-0.0105529999741899,2.42567057553646,-0.207064952638702,0.836020809080628,0.999140793994583,-5.45779323032312
"cg22574818",-0.0147428606898294,0.435373542785158,-0.197880753398748,0.84319720296318,0.999140793994583,-5.45933528871926
"cg01832662",-0.00900732677653867,-2.08931784937234,-0.197698393920918,0.843339830177063,0.999140793994583,-5.45936519937038
"cg10123952",-0.00760395086398756,-0.644020526822317,-0.194939972321412,0.845497875612277,0.999140793994583,-5.45981427340606
"cg24819427",-0.0088722973783116,2.15994886927864,-0.194086787848317,0.846165598823287,0.999140793994583,-5.45995189529469
"cg11769349",0.0196788934770398,1.93663823001415,0.192653979173087,0.847287199123758,0.999140793994583,-5.46018165484914
"cg02351082",-0.00609921178919717,-1.28454968986896,-0.192247612664214,0.84760535870547,0.999140793994583,-5.46024650833192
"cg15108060",0.0130921039549983,2.87458540807553,0.189625082854708,0.849659232118106,0.999140793994583,-5.46066175404698
"cg15305578",-0.00791152457490075,1.11149588036518,-0.189563996868044,0.849707084767109,0.999140793994583,-5.4606713583071
"cg22948669",0.00930388922259106,1.84989648709917,0.189441838098727,0.849802781385787,0.999140793994583,-5.46069055547097
"cg05131479",0.0082858743498174,1.78855946608525,0.188429504310219,0.850595907663582,0.999140793994583,-5.46084916686259
"cg20879096",0.0103711358752629,-0.764581107270806,0.187556073842633,0.851280330089476,0.999140793994583,-5.46098533217139
"cg21141318",0.00793005814625751,-2.86405711777911,0.18649516891929,0.852111808973112,0.999140793994583,-5.46114987341974
"ch.8.343778F",0.00894573069464564,-2.84174504962062,0.18392059263258,0.854130303436608,0.999140793994583,-5.46154529734866
"cg16251205",-0.00850488162344248,2.03979331207982,-0.182842446015859,0.854975866693641,0.999140793994583,-5.46170925497151
"cg00511167",0.00671559823976355,-0.0964895347453076,0.182080041233275,0.85557390239672,0.999140793994583,-5.4618246148302
"cg09933108",0.00849271632436626,1.81728898492287,0.179822177923221,0.857345472762588,0.999140793994583,-5.46216342604519
"cg12408998",0.00863199391317791,1.79026021202854,0.176345995559326,0.860074369043346,0.999140793994583,-5.46267679229228
"cg01106881",0.00644285623417634,-2.12505164618665,0.176001579897265,0.860344836327445,0.999140793994583,-5.46272711040415
"cg11877647",-0.00875492023626043,1.78609683027038,-0.174525255029585,0.861504369876705,0.999140793994583,-5.46294168267659
"cg22068371",0.00783853885999944,1.5151736136959,0.17431637658569,0.861668451187375,0.999140793994583,-5.4629718955859
"cg19408572",-0.0250886587222798,-4.21035991041544,-0.173463853762039,0.86233819959873,0.999140793994583,-5.46309483231587
"cg26228024",0.00803179602551073,1.87354288637644,0.168621629577104,0.866144155437642,0.999140793994583,-5.46378166509865
"cg11413762",-0.00995245635521985,3.72200289554257,-0.168186547648605,0.866486280648099,0.999140793994583,-5.46384242622588
"cg19881999",-0.00834261884689282,2.10882806910396,-0.166582793252953,0.867747603568369,0.999140793994583,-5.46406504200356
"cg24853040",-0.00821906502161702,1.93222098613637,-0.164727305438955,0.869207331038,0.999140793994583,-5.4643199395255
"cg15379412",0.00488319966091916,-1.73829119736141,0.164004358879677,0.869776200265691,0.999140793994583,-5.46441848141474
"cg24030996",0.00564638903165734,1.18850489869538,0.161701465992834,0.871588740074233,0.999140793994583,-5.46472949028957
"cg00837434",-0.00755383335544117,-4.33092666209835,-0.158699938229112,0.873952168381844,0.999140793994583,-5.4651282496872
"cg07296841",-0.00939199752847711,-2.24235598594984,-0.15826635850985,0.874293666417639,0.999140793994583,-5.46518523416987
"cg14808571",-0.00735425762539227,2.53842161184461,-0.15731927901863,0.875039691017322,0.999140793994583,-5.46530916472344
"cg02389501",-0.00702875630176551,2.19386297212643,-0.150696759335484,0.880259394540516,0.999140793994583,-5.46615497349844
"cg06363163",-0.00690559578587455,2.30386556572893,-0.149503360132742,0.88120056331059,0.999140793994583,-5.46630352364855
"cg06126019",0.00526097082646841,-2.2964273752747,0.146474978213426,0.883589634569792,0.999140793994583,-5.46667518510999
"cg10038720",-0.00666720530143937,2.35479429665908,-0.142396675886219,0.886808654765982,0.999140793994583,-5.46716368230659
"cg01111856",0.0147727229857847,3.0043646124873,0.141545332802087,0.887480861241754,0.999140793994583,-5.46726391572041
"cg04792910",-0.00631633928243747,1.51631460545719,-0.141124412305385,0.887813243132422,0.999140793994583,-5.46731325102276
"cg08707963",0.0069915194417135,2.36294308790217,0.140985326443376,0.887923077300123,0.999140793994583,-5.46732952072175
"cg12526849",-0.00682010345706863,1.97323525051259,-0.140901417051631,0.887989340421136,0.999140793994583,-5.46733932834338
"cg10819274",-0.0063961895778508,1.45053442347027,-0.140444630735893,0.888350077639378,0.999140793994583,-5.46739261671332
"ch.2.240376F",0.00661147037885451,-2.90699715570792,0.14030200868361,0.88846271510459,0.999140793994583,-5.46740921945618
"cg21474104",0.00697107568597502,2.02316943432303,0.138404832172639,0.889961246692366,0.999140793994583,-5.46762846671619
"cg17350441",-0.00628712818005354,2.12090609405845,-0.13798147668667,0.890295698419772,0.999140793994583,-5.46767698447869
"cg01652021",0.0188319867123594,4.16833973540179,0.136890226523915,0.891157878423584,0.999140793994583,-5.46780135961155
"cg22873725",-0.00651102012341004,2.25825634862688,-0.136153631331839,0.891739923959382,0.999140793994583,-5.46788475473977
"cg26521278",-0.00643012358774447,2.26154225146351,-0.135584143276103,0.892189964241875,0.999140793994583,-5.46794892209735
"cg27609217",0.00689096333745606,-1.11821891354972,0.13382714298004,0.893578659646615,0.999140793994583,-5.46814519817717
"cg23318020",-0.0064627506466784,1.63327077097991,-0.132844943894663,0.89435511154887,0.999140793994583,-5.46825380500127
"cg27134944",-0.00421306703493069,-0.793164526778331,-0.12880447017844,0.897550261958469,0.999140793994583,-5.46869216667137
"cg18070504",-0.00575090471278423,1.81093417275129,-0.128749678076054,0.897593602354094,0.999140793994583,-5.4686980181744
"cg10413861",-0.00513699746226549,0.695887446824492,-0.127623578439908,0.898484411558772,0.999140793994583,-5.46881772821273
"cg01859360",-0.00514875199223041,1.3049883859743,-0.127369322971151,0.898685559956053,0.999140793994583,-5.46884461132569
"cg24530608",-0.00508415000506249,1.4915661531263,-0.127113798200947,0.898887719104586,0.999140793994583,-5.46887157463555
"cg09314196",-0.00726441073351539,-1.09761134705517,-0.123262058636222,0.901935823064416,0.999140793994583,-5.46927145580938
"cg26301215",-0.00606693906916754,2.16490091548607,-0.121845637252143,0.903057086015608,0.999140793994583,-5.46941541238454
"ch.1.2289685F",-0.00550970150959376,-2.79941394827513,-0.121552174961207,0.903289420002964,0.999140793994583,-5.46944503007657
"cg03904639",0.00572524528605022,2.38106736247707,0.121004108604857,0.903723346143916,0.999140793994583,-5.46950015246011
"ch.20.1436892F",-0.00435439819183903,-2.46859846105795,-0.11993512639233,0.904569785092577,0.999140793994583,-5.46960694980769
"cg09496973",-0.00574652323081386,2.07747205886203,-0.11954910646042,0.904875469235008,0.999140793994583,-5.46964528249324
"cg02806738",-0.00644474297557492,3.42075534975075,-0.114891830287068,0.908564605761964,0.999140793994583,-5.47009802208223
"cg14877963",-0.00521068442289595,1.9829552958426,-0.112104697737276,0.910773308955617,0.999140793994583,-5.47036035966473
"cg13498382",0.00560973283508083,2.00404436168574,0.111199725262161,0.911490616858719,0.999140793994583,-5.47044415438978
"cg23245898",-0.00504002615780249,2.00664439411635,-0.110835702283246,0.911779172640579,0.999140793994583,-5.4704776690766
"cg11875044",0.0059521298065374,2.71147887849232,0.11048663893351,0.912055881090424,0.999140793994583,-5.47050970325998
"cg18932008",-0.005385005524913,2.40699325828921,-0.109931037065955,0.912496338163736,0.999140793994583,-5.47056048345196
"cg27047044",-0.0054494861739004,2.06975863698197,-0.109451041281075,0.912876879709388,0.999140793994583,-5.47060414738764
"cg21852757",-0.00574225428283535,2.7198808073697,-0.107440814646803,0.914470807608477,0.999140793994583,-5.47078493671042
"cg09363424",-0.0051159626735223,2.04412324658578,-0.107423645173819,0.914484422941699,0.999140793994583,-5.47078646641019
"ch.16.440507F",0.00496192380325272,-2.76804305474611,0.107050107572422,0.914780643197605,0.999140793994583,-5.47081968591714
"cg03905134",-0.00520512081697295,1.9074207213028,-0.10649848130496,0.915218111801954,0.999140793994583,-5.47086853162672
"cg01274981",0.0046871837865719,2.05670801328269,0.106097781392318,0.915535904025455,0.999140793994583,-5.47090385480129
"cg26279116",-0.00504789652550806,2.05810490148029,-0.105161292799223,0.916278679079754,0.999140793994583,-5.47098589048908
"ch.11.1702122F",0.00458856656467241,-2.65015958823833,0.100709366981061,0.919810710780087,0.999140793994583,-5.47136592912435
"cg25106036",0.00467885799732619,2.10523584186224,0.0998757350931222,0.920472269093042,0.999140793994583,-5.47143526512233
"cg10132694",0.00367830601227285,-2.00185511624353,0.0994994056409414,0.920770936849639,0.999140793994583,-5.47146637691829
"cg17014095",-0.00469436604697567,2.25461200955588,-0.0972912237327762,0.922523648843039,0.999140793994583,-5.47164656469225
"cg06294561",-0.00439714840629292,1.82891252920317,-0.0952508318546894,0.924143515389388,0.999140793994583,-5.47180946636955
"cg15855450",-0.0037306023513971,-2.50658441817686,-0.0935318541541483,0.925508456297314,0.999140793994583,-5.47194402731715
"cg14514581",-0.00490297015083406,1.70742628508437,-0.0913480951960941,0.927242769601728,0.999140793994583,-5.47211143732512
"cg20746815",-0.00439719660829826,2.43189084787765,-0.0903100072014198,0.928067327759851,0.999140793994583,-5.47218963179983
"cg15573664",0.00347652581737607,-2.17517260572566,0.088744574114541,0.929310904712151,0.999140793994583,-5.472305858858
"cg19435621",0.00367682110249442,-2.32620160489207,0.0874659349103441,0.930326781688109,0.999140793994583,-5.47239928476216
"cg08627768",0.00415360029876821,2.12254373205422,0.0859418458460992,0.931537816724709,0.999140793994583,-5.47250887366955
"cg12636607",-0.00381157140279449,1.74492608051676,-0.0833747849039822,0.93357795071361,0.999140793994583,-5.47268910227683
"cg01808849",-0.0038335573646343,2.14706413695746,-0.0829741871299837,0.933896359699549,0.999140793994583,-5.47271673456
"cg19963120",-0.00387914667724206,2.25138705509601,-0.0820775056548237,0.934609111532432,0.999140793994583,-5.47277810318282
"cg21341821",0.00452833372356274,1.33462524952915,0.0802406183974572,0.936069375105093,0.999140793994583,-5.47290173717094
"cg18381455",-0.00319119681045155,-2.0267814174923,-0.0799786509189805,0.936277648114762,0.999140793994583,-5.47291914123267
"cg02635786",-0.00356307848699909,2.1563661014254,-0.077403325640966,0.938325349272997,0.999140793994583,-5.47308720563754
"cg26069973",0.00310619091674123,-2.37403675789203,0.0756558677850276,0.939715027385536,0.999140793994583,-5.47319811163632
"cg03488113",-0.00282772326824187,0.566082818869826,-0.0753014201577949,0.93999692692967,0.999140793994583,-5.47322029846263
"cg02270895",0.00329189389404642,2.05917359215046,0.0727174279765237,0.942052254930595,0.999140793994583,-5.47337889635214
"cg16792002",0.0033433321829558,2.19595988869132,0.0721773390937362,0.942481895265065,0.999140793994583,-5.47341134579905
"cg25683810",-0.0030697618940796,1.9298526846415,-0.070715065272571,0.943645216909108,0.999140793994583,-5.47349798756903
"cg26250449",-0.00299092942270269,1.60525277616542,-0.0677890836338189,0.945973360257553,0.999140793994583,-5.47366603198082
"cg11833768",-0.00383656948909567,-0.874918112675908,-0.0667128697732394,0.946829798865041,0.999140793994583,-5.47372605489439
"cg21176755",-0.00288336728114698,2.26870969938307,-0.0657131690663903,0.947625404376328,0.999140793994583,-5.47378094997044
"cg20964248",-0.00292041762548028,2.30202973451106,-0.0643891408057043,0.94867920436781,0.999140793994583,-5.4738523786101
"cg26362852",-0.00296082511535519,-1.79907512678592,-0.0642880440434179,0.948759671451929,0.999140793994583,-5.47385777283422
"cg20752284",-0.00297768729267063,1.86300488998532,-0.0637478999577666,0.949189603269195,0.999140793994583,-5.4738864497043
"cg12788464",0.00217470083811826,-2.00189531772382,0.0619514047936566,0.950619643296571,0.999140793994583,-5.47398008708443
"cg07863831",-0.00301910446467587,2.22473144866261,-0.0607842965178492,0.951548766596361,0.999140793994583,-5.47403948518007
"ch.22.363412F",0.00317391553036598,-3.22176408577107,0.057062312281804,0.954512236036986,0.999140793994583,-5.47422136407179
"cg08912666",0.00304384361444552,1.79957416285202,0.0568430922413016,0.954686800599198,0.999140793994583,-5.47423171824525
"cg01217745",-0.00232459900816719,-2.3551376332481,-0.0557351523709904,0.955569084472551,0.999140793994583,-5.47428343860924
"cg10317138",-0.00250173426763334,-2.50044815425462,-0.0549308481932573,0.956209608895222,0.999140793994583,-5.47432034703551
"cg18234280",0.00262930047113097,2.45393196076558,0.0522400069416809,0.958352720163065,0.999140793994583,-5.47443992630657
"cg08142058",0.0026124976812186,2.02441575859473,0.0509458085516331,0.959383588433459,0.999140793994583,-5.47449530110296
"cg00448578",-0.00248638939552736,2.2079260225815,-0.0495720471611669,0.960477905484593,0.999140793994583,-5.47455256038632
"cg05218210",-0.00214028871054068,1.9107533560633,-0.046513846298954,0.962914285915864,0.999140793994583,-5.47467440804457
"cg03980035",-0.0019489293190251,1.56229507126352,-0.0459048180585192,0.963399523321965,0.999140793994583,-5.47469774739677
"cg08369079",0.00184643794773062,-2.72230729604057,0.0437368851936736,0.965126912037747,0.999140793994583,-5.47477833118883
"cg16407139",0.00195221956967981,1.83516076993172,0.0425185099831127,0.96609777457688,0.999140793994583,-5.4748219083773
"cg27400772",0.00199356223002739,-2.44228905304204,0.0413005776736231,0.967068334531746,0.999140793994583,-5.47486423932979
"cg22404125",-0.00194670777718529,2.13298889493508,-0.0397636788377567,0.968293145810689,0.999140793994583,-5.47491590079628
"cg12364741",0.00163742950264169,-2.30646784700425,0.0391487541594958,0.968783223090508,0.999140793994583,-5.47493602225513
"cg01454540",-0.00199002592809145,2.11072355097213,-0.0386236384148334,0.969201734593685,0.999140793994583,-5.47495295676539
"cg13504480",-0.00177927981990567,2.03827080113967,-0.0381701798587923,0.96956314294559,0.999140793994583,-5.47496739639439
"cg25708982",-0.00177464117351698,1.32038836790713,-0.0379745522838963,0.969719060873674,0.999140793994583,-5.47497357317416
"cg20585410",-0.0022595053391043,0.3355847125086,-0.0373673329780728,0.970203030560673,0.999140793994583,-5.47499254347713
"cg03593823",0.00128982970288689,-1.53602906722094,0.0340587275042539,0.972840264325911,0.999140793994583,-5.47509053623882
"cg23574835",0.00160537793555894,2.21311256093714,0.0318439843813985,0.974605766888389,0.999140793994583,-5.47515105905214
"cg13747066",0.00109103389641752,-2.03166511603037,0.0314213846488778,0.974942660529899,0.999140793994583,-5.47516214538171
"cg10781704",-0.00113230751115818,1.03799643324002,-0.0285305165854556,0.977247357952133,0.999140793994583,-5.47523401144063
"cg14218037",-0.00131104844132164,2.19823700914146,-0.0264529190711214,0.9789038073786,0.999140793994583,-5.47528137954397
"cg09977794",-0.00119170654568028,2.23855002884165,-0.0244546292708882,0.980497111596143,0.999140793994583,-5.47532356215311
"cg02271603",-0.000790912035108504,0.255423558427592,-0.0236008143665534,0.981177911318363,0.999140793994583,-5.47534057586835
"cg19847571",-0.00130769140589344,1.85774803911632,-0.0229048467406721,0.981732859775241,0.999140793994583,-5.47535399695647
"cg10986104",0.00106890957717245,2.41450509332894,0.0206706584689921,0.983514408259609,0.999140793994583,-5.47539436661837
"cg14618310",-0.00095937631474367,2.21361823238062,-0.0199462380996547,0.984092081373265,0.999140793994583,-5.47540656747571
"cg22177976",-0.000749111375539503,1.75469518530383,-0.0178725232806821,0.985745764885075,0.999140793994583,-5.47543908738563
"cg13172001",-0.000823522492388842,1.51896268169742,-0.0174309026439274,0.986097943351876,0.999140793994583,-5.47544555224747
"cg08481967",0.000791955887107311,-1.4483026530974,0.0173072726210156,0.986196534867787,0.999140793994583,-5.47544733308385
"cg03656137",0.000850208017321506,2.5976895029118,0.0164942307599136,0.986844918405616,0.999140793994583,-5.47545872880923
"cg19773249",-0.000833368684753328,2.30822214224392,-0.0162565191274843,0.987034490025147,0.999140793994583,-5.47546195704142
"cg03492495",-0.000984531861930599,2.56581935295991,-0.0153617979339123,0.987748023841033,0.999140793994583,-5.47547368762333
"cg15553612",0.000644699155849096,1.87237962701113,0.0142504623785295,0.988634319688426,0.999140793994583,-5.47548733376486
"cg18333092",-0.00110788395675368,0.973525811306373,-0.0125980406101975,0.98995216024654,0.999140793994583,-5.47550573021874
"cg21498062",-0.000593176332334404,1.94573921315261,-0.0122369760545787,0.990240120484576,0.999140793994583,-5.47550944850199
"cg08695228",-0.000547970444406965,1.99022167781616,-0.0118576607714301,0.990542637618444,0.999140793994583,-5.47551323828099
"cg13450427",-0.000531113116993048,2.51648020338447,-0.0116983490751402,0.990669694647198,0.999140793994583,-5.47551479439915
"cg02068976",0.000639601279231837,2.47959279997984,0.0116691337989751,0.99069299494708,0.999140793994583,-5.475515077483
"cg17830959",-0.000909814149030187,-0.798446291485406,-0.011471906986901,0.990850291078436,0.999140793994583,-5.47551697000964
"cg02071988",-0.000339647567450129,1.80297609490304,-0.00877609883389152,0.993000337130958,0.999140793994583,-5.4755396041722
"cg20230762",0.000307760729479371,2.05868237432025,0.00669513695692814,0.994660047217182,0.999140793994583,-5.47555295420554
"cg26401253",-0.000194170429325887,-2.4022029907362,-0.004890556354595,0.99609934325221,0.999140793994583,-5.47556162365572
"cg05004518",-0.000211371611058834,1.02160975522313,-0.00391125630341324,0.996880418272368,0.999140793994583,-5.47556519787471
"cg12487792",-7.458584416925e-05,0.902315884273183,-0.00165749957593141,0.998677990951942,0.999140793994583,-5.47557040212858
"cg00751021",4.59827224761319e-05,-2.47721298941671,0.00107724921740386,0.999140793994583,0.999140793994583,-5.47557106012898
